CODIGO UNICO	NOMBRE	DESCRIPCION	TAMAÑO KB	FECHA CREACION
0	App0a	Descripcion numero 7	636.9446755308913	1996-01-19
1	App1x	Descripcion numero 3	205.47591777493943	2009-08-06
2	App2g	Descripcion numero 5	129.0395415160249	1985-03-06
3	App3o	Descripcion numero 9	167.50638474732543	2015-12-06
4	App4x	Descripcion numero 6	440.36057343167835	1992-04-19
5	App5a	Descripcion numero 8	801.7890110798968	1996-08-15
6	App6r	Descripcion numero 8	245.63093844658667	2014-08-15
7	App7h	Descripcion numero 6	579.4305212149065	1979-03-21
8	App8e	Descripcion numero 3	731.1998096914807	2009-08-16
9	App9l	Descripcion numero 6	678.4746605062783	2016-03-28
10	App10a	Descripcion numero 10	528.3563895916891	1976-07-19
11	App11l	Descripcion numero 9	434.07990675436423	2003-12-30
12	App12d	Descripcion numero 7	989.8788855422846	1981-01-15
13	App13r	Descripcion numero 2	272.0675025934978	2007-11-25
14	App14e	Descripcion numero 4	1020.7467633555949	1975-02-13
15	App15d	Descripcion numero 5	384.84864131524756	1989-03-19
16	App16s	Descripcion numero 4	967.2200860155637	1970-07-05
17	App17v	Descripcion numero 9	265.01727454248095	1981-02-22
18	App18v	Descripcion numero 3	757.7683107919754	1975-06-24
19	App19k	Descripcion numero 10	962.745779907305	2016-05-08
