CODIGO UNICO	NOMBRE	DESCRIPCION	TAMAÃ‘O KB	FECHA CREACION
0	App0w	Descripcion numero 5	812.2682354189088	2012-08-31
1	App1r	Descripcion numero 5	326.00498767198405	2008-05-21
2	App2u	Descripcion numero 5	784.6115465678793	2000-11-08
3	App3g	Descripcion numero 2	985.8106786683783	1988-07-19
4	App4y	Descripcion numero 3	590.7983607513688	2011-12-06
5	App5g	Descripcion numero 6	927.907012487324	2017-11-17
6	App6x	Descripcion numero 3	813.7760708028399	1999-11-04
7	App7f	Descripcion numero 7	141.5005127432008	2012-02-04
8	App8c	Descripcion numero 10	212.58264248019458	1973-03-17
9	App9w	Descripcion numero 1	237.99955263162127	2018-07-08
10	App10d	Descripcion numero 8	644.1865497327743	1997-12-31
11	App11a	Descripcion numero 1	309.33874294969706	2017-06-23
12	App12q	Descripcion numero 6	180.04998189348163	2022-06-01
13	App13s	Descripcion numero 10	657.3996017855352	1970-10-07
14	App14e	Descripcion numero 10	226.74697358210057	1978-11-20
15	App15v	Descripcion numero 10	696.704964873422	1981-10-02
16	App16b	Descripcion numero 1	557.9540960243947	1988-07-18
17	App17m	Descripcion numero 10	669.6691318984848	1998-12-28
18	App18j	Descripcion numero 4	382.253859391282	1993-07-31
19	App19t	Descripcion numero 9	124.94955785710896	1977-02-17
20	App20x	Descripcion numero 5	335.02845395564975	2014-02-02
21	App21z	Descripcion numero 4	799.517815547393	1983-03-12
22	App22l	Descripcion numero 7	839.0517960155955	2006-11-03
23	App23v	Descripcion numero 4	279.3138046405567	1986-07-04
24	App24d	Descripcion numero 9	283.157259706648	2014-10-30
25	App25g	Descripcion numero 10	766.7319371789619	1987-10-04
26	App26u	Descripcion numero 2	421.33880530680807	2006-08-28
27	App27c	Descripcion numero 5	167.16132226822214	1981-02-13
28	App28s	Descripcion numero 8	586.735460455704	2011-08-31
29	App29a	Descripcion numero 10	709.8322013512908	1981-02-16
30	App30m	Descripcion numero 2	899.1409652995358	1980-11-11
31	App31l	Descripcion numero 8	150.2031018893111	1991-06-02
32	App32b	Descripcion numero 3	797.8706818353373	2012-06-16
33	App33u	Descripcion numero 10	333.49148282994094	2018-02-24
34	App34m	Descripcion numero 10	158.75935764277898	1976-09-25
35	App35y	Descripcion numero 2	941.0392844614064	2004-02-18
36	App36f	Descripcion numero 10	687.8964607019938	2002-01-01
37	App37q	Descripcion numero 10	180.89422415719795	2009-07-16
38	App38l	Descripcion numero 1	396.5795304793719	1998-04-24
39	App39q	Descripcion numero 2	207.43870277449975	1978-08-20
40	App40o	Descripcion numero 7	129.45711462465388	1982-05-03
41	App41z	Descripcion numero 8	661.6773138941971	2012-04-08
42	App42j	Descripcion numero 3	949.9439342509348	2004-02-25
43	App43r	Descripcion numero 10	618.422580046695	2013-08-15
44	App44t	Descripcion numero 10	694.6391286157414	2015-10-08
45	App45g	Descripcion numero 3	683.1033135844599	2017-12-31
46	App46t	Descripcion numero 9	259.54870698403914	1977-08-20
47	App47l	Descripcion numero 7	651.5629205212629	2017-07-27
48	App48g	Descripcion numero 7	812.0215170555427	1994-03-25
49	App49s	Descripcion numero 4	683.4894903447763	2006-04-22
